Year,Name,Development,Value,Weight,Price
1996,Australia,developed,3.94,11.58,0.34
1996,Bulgaria,developed,0.86,2.39,0.36
1996,China,developing,3.07,8.54,0.36
1996,Cyprus,developed,0.13,0.31,0.43
1996,Denmark,developed,3.92,8.59,0.46
1996,Ireland,developed,0.52,0.96,0.53
1996,Estonia,developed,0.09,0.36,0.26
1996,Austria,developed,3.89,9.36,0.42
1996,Finland,developed,0.78,1.43,0.55
1996,French Polynesia,developing,0.05,0.08,0.58
1996,Germany,developed,34.95,154.48,0.23
1996,Greece,developed,0.19,0.67,0.28
1996,Hungary,developed,0.83,1.87,0.44
1996,Israel,developed,16.91,120.37,0.14
1996,Japan,developed,52.22,150.96,0.35
1996,North Macedonia,developed,0.11,0.36,0.31
1996,Malta,developed,0.1,0.26,0.39
1996,Mexico,developing,47.8,217.4,0.22
1996,Netherlands,developed,42.92,133.47,0.32
1996,Norway,developed,3.26,9.19,0.35
1996,Poland,developed,2.41,5.26,0.46
1996,Portugal,developed,3.3,4.79,0.69
1996,Slovenia,developed,1.16,6.57,0.18
1996,Spain,developed,7.56,13.01,0.58
1996,Sweden,developed,8.4,15.43,0.54
1996,Switzerland,developed,10.38,25.18,0.41
1996,Turkey,developing,0.34,1.16,0.29
1996,United States of America,developed,146.49,237.44,0.62
1996,Indonesia,developing,1.88,2.66,0.71
1997,Algeria,developing,0.04,0.1,0.36
1997,Albania,developed,0.01,0.1,0.11
1997,Argentina,developing,0.47,1.76,0.27
1997,Australia,developed,5.77,24.65,0.23
1997,Brazil,developing,0.27,0.94,0.28
1997,Chile,developing,0.09,0.21,0.45
1997,Colombia,developing,0.06,0.05,1.07
1997,Costa Rica,developing,0.16,0.59,0.27
1997,Cyprus,developed,0.11,0.21,0.53
1997,Ireland,developed,0.93,1.48,0.63
1997,Estonia,developed,0.07,0.16,0.41
1997,Austria,developed,4.73,12.15,0.39
1997,Finland,developed,0.85,1.99,0.42
1997,French Polynesia,developing,0.03,0.06,0.47
1997,France,developed,54.71,127.56,0.43
1997,Greece,developed,0.19,0.61,0.32
1997,Honduras,developing,0.02,0.06,0.41
1997,Croatia,developed,0.35,0.77,0.46
1997,Italy,developed,12.92,18.73,0.69
1997,Japan,developed,43.08,121.22,0.36
1997,Latvia,developed,0.99,1.23,0.81
1997,Lithuania,developed,0.19,0.32,0.59
1997,Slovakia,developed,0.6,1.55,0.39
1997,North Macedonia,developed,0.08,0.46,0.17
1997,Malta,developed,0.14,0.33,0.42
1997,Mexico,developing,76.15,284.21,0.27
1997,Malaysia,developing,8.01,12.63,0.63
1997,Netherlands,developed,41.52,151.92,0.27
1997,Norway,developed,4.18,11.05,0.38
1997,New Zealand,developed,1.17,3.75,0.31
1997,Poland,developed,2.9,6.75,0.43
1997,Portugal,developed,1.62,3.68,0.44
1997,Romania,developed,0.13,0.17,0.75
1997,Singapore,developing,9.18,33.41,0.27
1997,Spain,developed,4.16,8.6,0.48
1997,Sweden,developed,8.04,18.9,0.43
1997,Switzerland,developed,10.98,33.15,0.33
1997,Turkey,developing,0.2,0.73,0.27
1997,United Kingdom of Great Britain and Northern Ireland,developed,22.82,33.5,0.68
1997,United States of America,developed,114.77,221.15,0.52
1998,Argentina,developing,0.34,1.34,0.26
1998,Australia,developed,8.34,31.14,0.27
1998,Brazil,developing,0.14,0.25,0.55
1998,Bulgaria,developed,0.45,1.17,0.38
1998,China,developing,2.59,7.85,0.33
1998,Chile,developing,0.94,2.03,0.47
1998,Colombia,developing,0.32,0.45,0.71
1998,Costa Rica,developing,0.03,0.27,0.13
1998,Cyprus,developed,0.1,0.19,0.52
1998,Denmark,developed,4.19,11.41,0.37
1998,Ecuador,developing,2.22,2.42,0.92
1998,Ireland,developed,0.99,1.31,0.76
1998,Estonia,developed,0.01,0.07,0.18
1998,Austria,developed,4.32,17.5,0.25
1998,Finland,developed,0.62,1.91,0.32
1998,French Polynesia,developing,0.05,0.1,0.52
1998,Germany,developed,39.26,208.98,0.19
1998,Greece,developed,0.25,1.02,0.24
1998,Honduras,developing,0.23,0.5,0.47
1998,Croatia,developed,0.2,0.92,0.22
1998,Iceland,developed,0.34,1.41,0.24
1998,Italy,developed,14.91,25.94,0.57
1998,Japan,developed,38.76,140.91,0.28
1998,Jamaica,developing,0.09,0.25,0.35
1998,Jordan,developing,0.03,0.12,0.29
1998,Belarus,developed,0.04,0.1,0.38
1998,Lithuania,developed,0.09,0.19,0.47
1998,Slovakia,developed,1.5,0.98,1.54
1998,North Macedonia,developed,0.03,0.16,0.21
1998,Malta,developed,0.12,0.22,0.53
1998,Mexico,developing,166.05,317.49,0.52
1998,Malaysia,developing,8.85,33.22,0.27
1998,Netherlands,developed,40.38,168.76,0.24
1998,Norway,developed,3.43,11.99,0.29
1998,New Zealand,developed,0.85,4.71,0.18
1998,Poland,developed,2.8,7.2,0.39
1998,Panama,developing,0.37,1.43,0.26
1998,Portugal,developed,1.78,3.94,0.45
1998,Romania,developed,0.28,0.89,0.31
1998,Slovenia,developed,0.94,2.27,0.41
1998,Spain,developed,4.38,8.62,0.51
1998,Sweden,developed,6.1,19.87,0.31
1998,Switzerland,developed,7.31,28.11,0.26
1998,Turkey,developing,0.2,0.88,0.22
1998,United Kingdom of Great Britain and Northern Ireland,developed,21.87,38.73,0.56
1998,United States of America,developed,129.48,245.55,0.53
1998,Uruguay,developing,0.29,1.5,0.19
1999,Argentina,developing,0.74,3.3,0.22
1999,Australia,developed,7.39,34.48,0.21
1999,Brazil,developing,0.19,1.1,0.18
1999,Bulgaria,developed,0.32,0.93,0.34
1999,Sri Lanka,developing,0.02,0.05,0.42
1999,China,developing,2.1,7.67,0.27
1999,Chile,developing,0.15,0.43,0.35
1999,Costa Rica,developing,0.25,1.13,0.22
1999,Cyprus,developed,0.23,0.54,0.43
1999,Ecuador,developing,0.09,0.81,0.11
1999,Ireland,developed,1.98,2.32,0.86
1999,Estonia,developed,0.1,0.17,0.59
1999,Austria,developed,4.55,56.25,0.08
1999,Finland,developed,0.66,2.31,0.29
1999,French Polynesia,developing,0.05,0.07,0.63
1999,France,developed,51.22,147.31,0.35
1999,Germany,developed,34.83,212.76,0.16
1999,Greece,developed,0.23,1,0.23
1999,Honduras,developing,0.45,0.6,0.76
1999,Croatia,developed,0.15,0.67,0.23
1999,Hungary,developed,0.86,2.28,0.38
1999,Iceland,developed,0.16,1.39,0.11
1999,Italy,developed,19.58,38.56,0.51
1999,Japan,developed,52.89,190.63,0.28
1999,Jamaica,developing,0.07,0.34,0.22
1999,Jordan,developing,0.05,0.24,0.19
1999,Belarus,developed,0.05,0.14,0.37
1999,North Macedonia,developed,0.07,0.42,0.17
1999,Malta,developed,0.13,0.31,0.41
1999,Mexico,developing,190.85,582.01,0.33
1999,Malaysia,developing,12.78,41.06,0.31
1999,Belgium,developed,41.9,161.35,0.26
1999,Luxembourg,developed,1.17,6.67,0.18
1999,Netherlands,developed,43.93,234.58,0.19
1999,Norway,developed,2.89,14.91,0.19
1999,New Zealand,developed,1.33,7.28,0.18
1999,Peru,developing,0.2,0.32,0.62
1999,Poland,developed,3.39,7.83,0.43
1999,Panama,developing,0.39,1.33,0.29
1999,Portugal,developed,2.7,5.3,0.51
1999,Romania,developed,0.2,0.7,0.29
1999,Slovenia,developed,0.82,2.16,0.38
1999,Singapore,developing,6.27,19.06,0.33
1999,Spain,developed,4.88,11.5,0.42
1999,Sweden,developed,4.2,19.6,0.21
1999,Switzerland,developed,7.09,34.54,0.21
1999,Turkey,developing,0.87,3.17,0.28
1999,United Kingdom of Great Britain and Northern Ireland,developed,24.41,47.36,0.52
1999,United States of America,developed,148.94,351.52,0.42
1999,Uruguay,developing,0.81,2.55,0.32
1999,Indonesia,developing,2.09,5.63,0.37
2000,Albania,developed,0.01,0.03,0.21
2000,Argentina,developing,1.61,4.71,0.34
2000,Australia,developed,10.81,46.73,0.23
2000,Brazil,developing,1.23,5.64,0.22
2000,Cambodia,developing,0.01,0.03,0.48
2000,Sri Lanka,developing,0.05,0.09,0.52
2000,Chile,developing,0.33,0.97,0.33
2000,Cameroon,developing,0.01,0.2,0.07
2000,Costa Rica,developing,0.16,1.3,0.12
2000,Cyprus,developed,0.25,0.69,0.36
2000,Ecuador,developing,0.17,0.86,0.19
2000,Ireland,developed,1.7,3.11,0.55
2000,Estonia,developed,0.23,0.73,0.32
2000,Austria,developed,4.7,32.13,0.15
2000,Finland,developed,1.2,4.6,0.26
2000,French Polynesia,developing,0.08,0.2,0.41
2000,France,developed,61.8,192.08,0.32
2000,Greece,developed,0.26,1.18,0.22
2000,Honduras,developing,0.38,0.74,0.52
2000,Croatia,developed,0.21,0.99,0.21
2000,Hungary,developed,2.02,6.24,0.32
2000,Iceland,developed,0.32,1.74,0.19
2000,Israel,developed,1.49,3.48,0.43
2000,Italy,developed,15.6,33.24,0.47
2000,Japan,developed,93.02,299.96,0.31
2000,Jamaica,developing,0.13,0.43,0.29
2000,Jordan,developing,0.07,0.23,0.29
2000,Latvia,developed,0.24,0.28,0.85
2000,Belarus,developed,0.08,0.29,0.26
2000,Lithuania,developed,0.16,0.51,0.31
2000,North Macedonia,developed,0.16,0.85,0.19
2000,Malta,developed,0.36,0.79,0.46
2000,Mexico,developing,213.32,155.73,1.37
2000,Malaysia,developing,17.33,79.68,0.22
2000,Belgium,developed,51.25,185.71,0.28
2000,Andorra,developed,0.01,0.05,0.13
2000,Luxembourg,developed,2.43,16.12,0.15
2000,Netherlands,developed,59.6,258.86,0.23
2000,Norway,developed,3.5,14.41,0.24
2000,New Zealand,developed,1.75,8.08,0.22
2000,Peru,developing,0.14,0.3,0.47
2000,Panama,developing,0.44,2.62,0.17
2000,Portugal,developed,3.37,8.77,0.38
2000,Qatar,developing,0.03,0.1,0.31
2000,Romania,developed,0.42,1.65,0.26
2000,Philippines,developing,4.2,16.89,0.25
2000,Botswana,developing,0.01,0.18,0.04
2000,Singapore,developing,6.92,22.06,0.31
2000,Sweden,developed,6.57,26.35,0.25
2000,Switzerland,developed,7.38,35.02,0.21
2000,Trinidad and Tobago,developing,0.07,0.16,0.43
2000,Thailand,developing,8.43,29.1,0.29
2000,Tunisia,developing,0.01,0.05,0.24
2000,United Kingdom of Great Britain and Northern Ireland,developed,37.84,82.22,0.46
2000,United States of America,developed,208.36,556.49,0.37
2000,Uruguay,developing,1.25,3.91,0.32
2000,Indonesia,developing,4.38,13.73,0.32
2001,Algeria,developing,0.02,0.1,0.24
2001,Argentina,developing,0.98,3.15,0.31
2001,Australia,developed,9.19,36.62,0.25
2001,Brazil,developing,1.95,9.11,0.21
2001,Bulgaria,developed,0.42,0.14,2.96
2001,Sri Lanka,developing,0.09,0.14,0.62
2001,China,developing,3.67,23.2,0.16
2001,Chile,developing,0.25,0.7,0.35
2001,Colombia,developing,0.55,1.14,0.48
2001,Costa Rica,developing,0.38,2.04,0.19
2001,Cyprus,developed,0.22,0.54,0.41
2001,Denmark,developed,4.92,16.97,0.29
2001,Ecuador,developing,0.06,0.28,0.22
2001,Ireland,developed,0.8,2.26,0.35
2001,Estonia,developed,0.26,0.66,0.39
2001,Austria,developed,4.63,30.38,0.15
2001,Finland,developed,1.03,4.21,0.25
2001,France,developed,63.15,248.35,0.25
2001,Greece,developed,0.22,1.3,0.17
2001,Croatia,developed,0.37,2.02,0.18
2001,Hungary,developed,1.17,4.27,0.27
2001,Iceland,developed,0.25,1.36,0.18
2001,Israel,developed,0.77,1.97,0.39
2001,Italy,developed,16.7,40.6,0.41
2001,Japan,developed,107.5,392.16,0.27
2001,Jamaica,developing,0.16,0.49,0.32
2001,Kazakhstan,developing,0.05,0.56,0.08
2001,Lebanon,developing,0.06,0.14,0.44
2001,Latvia,developed,0.5,0.8,0.62
2001,Belarus,developed,0.21,0.73,0.28
2001,Slovakia,developed,1.85,1.79,1.03
2001,North Macedonia,developed,0.17,1.01,0.17
2001,Mauritius,developing,0.01,0.02,0.39
2001,Malta,developed,0.31,0.68,0.45
2001,Mexico,developing,195.36,128.43,1.52
2001,Malaysia,developing,13.83,38.94,0.36
2001,Belgium,developed,51.95,191.67,0.27
2001,Luxembourg,developed,2,15.39,0.13
2001,Netherlands,developed,64.56,266.58,0.24
2001,New Zealand,developed,2.21,9.24,0.24
2001,Peru,developing,0.12,0.21,0.56
2001,Poland,developed,3.78,11.68,0.32
2001,Panama,developing,0.37,2.59,0.14
2001,Portugal,developed,2.27,7.34,0.31
2001,Qatar,developing,0.01,0.05,0.21
2001,Romania,developed,0.41,1.51,0.27
2001,Philippines,developing,4.84,19.81,0.24
2001,Botswana,developing,0.04,0.25,0.15
2001,Slovenia,developed,1.64,6.48,0.25
2001,Singapore,developing,7.19,27.54,0.26
2001,Spain,developed,7.21,17.54,0.41
2001,Sweden,developed,6.44,27.89,0.23
2001,Trinidad and Tobago,developing,0.06,0.14,0.42
2001,Thailand,developing,9.05,29.15,0.31
2001,Tunisia,developing,0.12,0.35,0.34
2001,Turkey,developing,1.94,5.85,0.33
2001,United Kingdom of Great Britain and Northern Ireland,developed,36.27,86.17,0.42
2001,United States of America,developed,272.9,797.7,0.34
2001,Uruguay,developing,0.73,2.32,0.31
2001,Indonesia,developing,3.5,12.12,0.29
2002,Algeria,developing,0.04,0.18,0.25
2002,Argentina,developing,0.24,1.25,0.19
2002,Australia,developed,8.89,48.18,0.18
2002,Brazil,developing,1.27,4.46,0.29
2002,Bulgaria,developed,0.24,0.77,0.31
2002,Sri Lanka,developing,0.06,0.12,0.48
2002,China,developing,4.83,28.67,0.17
2002,Chile,developing,0.27,0.73,0.37
2002,Costa Rica,developing,0.24,1.07,0.22
2002,Cuba,developing,0.01,0.06,0.21
2002,Cyprus,developed,0.3,0.91,0.32
2002,Denmark,developed,6.14,23.17,0.27
2002,Ecuador,developing,0.2,1.07,0.19
2002,Ireland,developed,1.2,2.29,0.52
2002,Estonia,developed,0.44,1.31,0.34
2002,Austria,developed,6.45,38.48,0.17
2002,Finland,developed,1.41,6.68,0.21
2002,France,developed,73.94,309.84,0.24
2002,Germany,developed,43.91,237.15,0.19
2002,Greece,developed,0.25,1.43,0.17
2002,Honduras,developing,0.21,0.91,0.23
2002,Croatia,developed,0.26,1.21,0.21
2002,Hungary,developed,1.26,3.47,0.36
2002,Iceland,developed,0.32,1.69,0.19
2002,Israel,developed,0.99,2.28,0.43
2002,Italy,developed,15.59,35.49,0.44
2002,Japan,developed,121.14,549.56,0.22
2002,Kyrgyzstan,developing,0.01,0.06,0.13
2002,Lebanon,developing,0.23,1.23,0.19
2002,Latvia,developed,0.29,0.93,0.32
2002,Belarus,developed,0.25,1.06,0.24
2002,Lithuania,developed,0.24,0.63,0.39
2002,North Macedonia,developed,0.08,0.53,0.16
2002,Morocco,developing,0.1,0.64,0.15
2002,Malaysia,developing,17.87,153.51,0.12
2002,Belgium,developed,51.47,223.74,0.23
2002,Andorra,developed,0.01,0.11,0.13
2002,Luxembourg,developed,1.75,14.49,0.12
2002,Netherlands,developed,58.91,252.34,0.23
2002,Norway,developed,4.84,20.19,0.24
2002,New Zealand,developed,2.58,10.31,0.25
2002,Peru,developing,0.04,0.14,0.29
2002,Poland,developed,4.52,13.69,0.33
2002,Panama,developing,0.29,1.73,0.17
2002,Portugal,developed,2.57,6.3,0.41
2002,Romania,developed,0.58,1.97,0.29
2002,Philippines,developing,4.62,19.38,0.24
2002,Botswana,developing,0.03,0.18,0.16
2002,Slovenia,developed,1.9,7.4,0.26
2002,Singapore,developing,8.42,34.4,0.24
2002,Spain,developed,9.05,18.7,0.48
2002,Sweden,developed,7.26,31.34,0.23
2002,Switzerland,developed,10.44,59.29,0.18
2002,Trinidad and Tobago,developing,0.08,0.63,0.12
2002,Thailand,developing,10.89,39.8,0.27
2002,Togo,developing,0.04,0.06,0.72
2002,Tunisia,developing,0.09,0.34,0.28
2002,Turkey,developing,1.82,6.35,0.29
2002,Uganda,developing,0.01,0.01,0.43
2002,United Kingdom of Great Britain and Northern Ireland,developed,40.2,117.19,0.34
2002,Ukraine,developed,0.05,0.17,0.29
2002,United States of America,developed,257.21,769.57,0.33
2002,Uruguay,developing,0.57,2.47,0.23
2002,Zimbabwe,developing,0.04,0.08,0.43
2002,Indonesia,developing,5.74,12.58,0.46
2003,Algeria,developing,0.02,0.1,0.19
2003,Argentina,developing,0.56,3.3,0.17
2003,Bangladesh,developing,0.6,1.31,0.46
2003,Brazil,developing,3.17,10.04,0.32
2003,Bulgaria,developed,0.35,1.14,0.31
2003,Sri Lanka,developing,0.04,0.08,0.48
2003,China,developing,6.68,30.34,0.22
2003,Cameroon,developing,0.01,0.04,0.17
2003,Colombia,developing,0.15,0.35,0.43
2003,Costa Rica,developing,0.3,1.72,0.18
2003,Cuba,developing,0.03,0.11,0.28
2003,Cyprus,developed,0.23,0.42,0.54
2003,Denmark,developed,8.2,29.57,0.28
2003,Ecuador,developing,0.25,0.98,0.25
2003,Ireland,developed,1.41,2.5,0.56
2003,Estonia,developed,0.61,1.92,0.32
2003,Austria,developed,10.41,45.66,0.23
2003,Finland,developed,1.7,7.17,0.24
2003,France,developed,88.8,323.1,0.27
2003,Germany,developed,68.44,295.04,0.23
2003,Honduras,developing,0.57,1.99,0.29
2003,Croatia,developed,0.56,2.44,0.23
2003,Hungary,developed,1.15,3.3,0.35
2003,Iceland,developed,0.25,1.62,0.15
2003,Israel,developed,1.22,2.24,0.54
2003,Italy,developed,24.34,53.75,0.45
2003,Japan,developed,172.94,681.68,0.25
2003,Jamaica,developing,0.1,0.42,0.25
2003,Jordan,developing,0.26,1.33,0.19
2003,Kazakhstan,developing,0.16,0.42,0.38
2003,Lebanon,developing,0.97,3.79,0.26
2003,Latvia,developed,0.06,0.65,0.09
2003,Belarus,developed,0.5,0.49,1.03
2003,Lithuania,developed,0.22,0.94,0.23
2003,North Macedonia,developed,0.14,0.74,0.19
2003,Morocco,developing,0.16,1.3,0.12
2003,Malta,developed,0.62,1.67,0.37
2003,Maldives,developing,0.01,0.01,0.85
2003,Mexico,developing,192.49,224.27,0.86
2003,Malaysia,developing,21.47,60.54,0.35
2003,Belgium,developed,74.72,317.02,0.24
2003,Luxembourg,developed,1.34,12.05,0.11
2003,Netherlands,developed,76.38,300.8,0.25
2003,Norway,developed,4.88,20.65,0.24
2003,New Zealand,developed,3.77,15.5,0.24
2003,Peru,developing,0.61,0.96,0.64
2003,Poland,developed,5.13,17.42,0.29
2003,Panama,developing,0.42,1.92,0.22
2003,Portugal,developed,2.94,8.63,0.34
2003,Romania,developed,1.12,3.4,0.33
2003,Philippines,developing,6.9,25.22,0.27
2003,Botswana,developing,0.02,0.12,0.19
2003,Senegal,developing,0.01,0.03,0.29
2003,Slovenia,developed,1.91,8.69,0.22
2003,Singapore,developing,15.37,37.56,0.41
2003,Spain,developed,14.9,46.74,0.32
2003,Saint Lucia,developing,0.01,0.1,0.11
2003,Sweden,developed,11.79,47.11,0.25
2003,Switzerland,developed,14.18,74.21,0.19
2003,Trinidad and Tobago,developing,0.09,0.84,0.11
2003,Thailand,developing,17.08,59.88,0.29
2003,Togo,developing,1.49,1.68,0.88
2003,Tunisia,developing,0.37,1.73,0.22
2003,Turkey,developing,3.19,8.36,0.38
2003,United Kingdom of Great Britain and Northern Ireland,developed,56.11,197.69,0.28
2003,Ukraine,developed,0.14,0.47,0.29
2003,United States of America,developed,290.76,852.82,0.34
2003,Uruguay,developing,0.53,2,0.26
2003,Indonesia,developing,11.39,19.28,0.59
2004,Algeria,developing,0.01,0.05,0.22
2004,Argentina,developing,4.96,15.1,0.33
2004,Australia,developed,18.77,69.1,0.27
2004,Bangladesh,developing,6.42,9.91,0.65
2004,Bosnia and Herzegovina,developed,0.18,0.68,0.26
2004,Brazil,developing,6.59,15.97,0.41
2004,Bulgaria,developed,1.09,2.63,0.42
2004,China,developing,7.17,39.99,0.18
2004,Colombia,developing,0.78,1.61,0.48
2004,Costa Rica,developing,0.55,2.03,0.27
2004,Cuba,developing,0.05,0.16,0.34
2004,Cyprus,developed,0.28,0.63,0.45
2004,Denmark,developed,13.23,36.73,0.36
2004,Ireland,developed,3.08,4.86,0.63
2004,Estonia,developed,1.33,3.45,0.39
2004,Austria,developed,16.04,64.15,0.25
2004,Finland,developed,3.58,13.74,0.26
2004,France,developed,128.17,364.46,0.35
2004,Germany,developed,182.95,504.74,0.36
2004,Greece,developed,3.09,8.15,0.38
2004,Honduras,developing,0.55,1.4,0.39
2004,Croatia,developed,0.97,3.93,0.25
2004,Hungary,developed,1.32,3.52,0.37
2004,Iceland,developed,0.32,1.79,0.18
2004,Israel,developed,1,2.2,0.45
2004,Italy,developed,35.77,104.1,0.34
2004,Japan,developed,274.34,848.53,0.32
2004,Jamaica,developing,0.03,0.16,0.22
2004,Jordan,developing,0.19,1.03,0.19
2004,Lebanon,developing,1.73,3.51,0.49
2004,Latvia,developed,0.35,1.51,0.23
2004,Belarus,developed,0.23,1.08,0.21
2004,Lithuania,developed,1.38,4.72,0.29
2004,Slovakia,developed,1.98,4.24,0.47
2004,Morocco,developing,0.21,0.76,0.28
2004,Mauritius,developing,0.04,0.23,0.18
2004,Malta,developed,1.07,1.98,0.54
2004,Mexico,developing,166.75,2414.66,0.07
2004,Belgium,developed,104.49,336.78,0.31
2004,Andorra,developed,0.03,0.28,0.12
2004,Luxembourg,developed,1.49,17.06,0.09
2004,Netherlands,developed,109.55,316.5,0.35
2004,Norway,developed,5.04,22.33,0.23
2004,New Zealand,developed,5.78,21.03,0.27
2004,Panama,developing,0.31,2.17,0.14
2004,Portugal,developed,4,13.77,0.29
2004,Romania,developed,2.68,6.12,0.44
2004,Philippines,developing,12.24,44.73,0.27
2004,Senegal,developing,0.01,0.04,0.33
2004,Slovenia,developed,1.91,7.48,0.26
2004,Singapore,developing,17.63,41.31,0.43
2004,Spain,developed,25.03,71.48,0.35
2004,Saint Lucia,developing,0.02,0.14,0.12
2004,Sweden,developed,11.97,42.9,0.28
2004,Switzerland,developed,15.07,80.66,0.19
2004,Trinidad and Tobago,developing,0.17,0.8,0.21
2004,Thailand,developing,35.72,102.25,0.35
2004,Togo,developing,0.42,0.34,1.25
2004,Tunisia,developing,0.57,1.84,0.31
2004,Turkey,developing,3.08,6.3,0.49
2004,United Kingdom of Great Britain and Northern Ireland,developed,113.96,344.34,0.33
2004,Uruguay,developing,2.12,4.6,0.46
2004,Zimbabwe,developing,0.04,0.06,0.66
2004,Indonesia,developing,17.82,30.11,0.59
2005,Algeria,developing,0.1,0.22,0.45
2005,Azerbaijan,developing,0.01,0.1,0.05
2005,Albania,developed,0.04,0.06,0.61
2005,Argentina,developing,12.09,35.08,0.34
2005,Australia,developed,29.41,87.85,0.33
2005,Bosnia and Herzegovina,developed,0.21,0.86,0.24
2005,Brazil,developing,3.58,7.64,0.47
2005,Cambodia,developing,0.01,0.03,0.33
2005,China,developing,10.44,44.69,0.23
2005,Bhutan,developing,0.07,0.42,0.17
2005,Colombia,developing,1.27,2.32,0.55
2005,Costa Rica,developing,1.35,3.97,0.34
2005,Cuba,developing,0.04,0.14,0.32
2005,Cyprus,developed,0.38,0.77,0.49
2005,Denmark,developed,17.91,44.22,0.41
2005,Ecuador,developing,1.2,2.46,0.49
2005,Estonia,developed,2.33,4.78,0.49
2005,Austria,developed,21.5,81.46,0.26
2005,Finland,developed,7.54,24.52,0.31
2005,France,developed,167.79,408.75,0.41
2005,Germany,developed,245.93,590.3,0.42
2005,Greece,developed,2.57,5.67,0.45
2005,Honduras,developing,0.75,1.79,0.42
2005,Croatia,developed,1.22,3.82,0.32
2005,Hungary,developed,1.46,4.04,0.36
2005,Iceland,developed,0.54,1.95,0.28
2005,Israel,developed,1.52,3.43,0.44
2005,Italy,developed,39.81,110.42,0.36
2005,Japan,developed,396.6,1058.22,0.37
2005,Jordan,developing,0.21,0.47,0.44
2005,Kyrgyzstan,developing,0.01,0.21,0.05
2005,Kazakhstan,developing,0.62,9.63,0.06
2005,Lebanon,developing,1.44,2.21,0.65
2005,Latvia,developed,1.56,3.38,0.46
2005,Belarus,developed,0.72,2.08,0.35
2005,Lithuania,developed,2.99,7.37,0.41
2005,Slovakia,developed,3.6,8.85,0.41
2005,Madagascar,developing,0.01,0.04,0.21
2005,North Macedonia,developed,0.17,0.59,0.29
2005,Malta,developed,0.7,1.08,0.64
2005,Maldives,developing,0.01,0.03,0.27
2005,Mexico,developing,200.97,301.32,0.67
2005,Malaysia,developing,57.12,104.93,0.54
2005,Belgium,developed,125.54,342.87,0.37
2005,Luxembourg,developed,2.82,12.1,0.23
2005,Netherlands,developed,150.05,359.58,0.42
2005,Norway,developed,7.43,25.91,0.29
2005,Peru,developing,0.11,0.3,0.38
2005,Poland,developed,20.67,39.01,0.53
2005,Panama,developing,0.68,4.31,0.16
2005,Portugal,developed,5.27,15.04,0.35
2005,Qatar,developing,0.31,0.41,0.74
2005,Romania,developed,8.8,18.17,0.48
2005,Botswana,developing,0.06,0.24,0.25
2005,Slovenia,developed,2.37,8.11,0.29
2005,Singapore,developing,19.26,40.22,0.48
2005,Spain,developed,40.55,87.44,0.46
2005,Saint Lucia,developing,0.01,0.06,0.13
2005,Sweden,developed,13.96,42.44,0.33
2005,Switzerland,developed,17.72,83.74,0.21
2005,Trinidad and Tobago,developing,0.15,3.08,0.05
2005,Thailand,developing,56.83,130.45,0.44
2005,Tunisia,developing,1.01,2.83,0.36
2005,United Kingdom of Great Britain and Northern Ireland,developed,135.94,324.54,0.42
2005,Ukraine,developed,3.33,5.28,0.63
2005,Uruguay,developing,2.67,5.07,0.53
2005,Zimbabwe,developing,0.01,0.06,0.09
2005,Indonesia,developing,16.25,29.11,0.56
2005,United Arab Emirates,developing,6.84,25.78,0.27
2005,Serbia,developed,2.27,5,0.45
2006,Azerbaijan,developing,0.05,0.94,0.05
2006,Albania,developed,0.23,0.89,0.26
2006,Argentina,developing,19.72,46.11,0.43
2006,Australia,developed,36.41,99.88,0.36
2006,Bangladesh,developing,6.59,11.76,0.56
2006,Bosnia and Herzegovina,developed,0.17,0.62,0.27
2006,Brazil,developing,6.67,13.83,0.48
2006,Bulgaria,developed,2.26,4.8,0.47
2006,Cambodia,developing,0.07,0.25,0.27
2006,Sri Lanka,developing,0.14,0.38,0.36
2006,China,developing,20.33,98.89,0.21
2006,Colombia,developing,1.96,3.35,0.59
2006,Costa Rica,developing,1.92,5.12,0.38
2006,Cuba,developing,0.04,0.1,0.42
2006,Cabo Verde,developing,0.02,0.18,0.12
2006,Cyprus,developed,0.22,0.4,0.55
2006,Denmark,developed,18.48,42.11,0.44
2006,Ecuador,developing,2.55,4.66,0.55
2006,Estonia,developed,3.4,6.87,0.49
2006,Austria,developed,29.49,96.51,0.31
2006,Finland,developed,8.74,27.7,0.32
2006,France,developed,183.53,379.18,0.48
2006,Greece,developed,3.16,7.18,0.44
2006,Honduras,developing,0.93,2.11,0.44
2006,Croatia,developed,2.91,7.02,0.41
2006,Iceland,developed,0.61,2.28,0.27
2006,Israel,developed,2.39,5.44,0.44
2006,Italy,developed,46.6,101.85,0.46
2006,Jamaica,developing,0.04,0.1,0.38
2006,Jordan,developing,0.25,1.15,0.21
2006,Kyrgyzstan,developing,0.05,0.36,0.13
2006,Kuwait,developing,1.87,6.82,0.27
2006,Kazakhstan,developing,0.34,5.57,0.06
2006,Latvia,developed,1.92,3.37,0.57
2006,Belarus,developed,0.67,1.29,0.52
2006,Slovakia,developed,8.34,12.29,0.68
2006,Madagascar,developing,0.06,0.28,0.21
2006,Morocco,developing,0.48,0.93,0.52
2006,Mauritius,developing,0.09,0.33,0.28
2006,Malta,developed,0.91,1.37,0.66
2006,Mexico,developing,247.61,347.87,0.71
2006,Malaysia,developing,51.29,96.79,0.53
2006,Belgium,developed,161.2,382.82,0.42
2006,Andorra,developed,0.12,2.92,0.04
2006,Luxembourg,developed,2.71,10.91,0.25
2006,Netherlands,developed,199.56,438.75,0.45
2006,Norway,developed,8.42,27.48,0.31
2006,New Zealand,developed,10.02,30.32,0.33
2006,Poland,developed,29.16,50.88,0.57
2006,Panama,developing,1.1,5.28,0.21
2006,Portugal,developed,12.26,21.7,0.56
2006,Qatar,developing,0.13,0.17,0.79
2006,Romania,developed,7.72,16.78,0.46
2006,Philippines,developing,32.73,97.52,0.34
2006,Botswana,developing,0.04,0.17,0.24
2006,Senegal,developing,0.01,0.03,0.27
2006,Slovenia,developed,5.58,12.35,0.45
2006,Singapore,developing,23.89,42.85,0.56
2006,Spain,developed,44.62,91.94,0.49
2006,Saint Lucia,developing,0.01,0.09,0.08
2006,Sweden,developed,25.18,53.89,0.47
2006,Switzerland,developed,25.31,101.22,0.25
2006,Trinidad and Tobago,developing,0.16,2.37,0.07
2006,Thailand,developing,63.88,139.4,0.46
2006,Turkey,developing,9.31,12.45,0.75
2006,United Kingdom of Great Britain and Northern Ireland,developed,174.09,440.85,0.39
2006,Ukraine,developed,4.28,6.19,0.69
2006,United States of America,developed,581.28,1064.71,0.55
2006,Uruguay,developing,3.07,5.95,0.52
2006,Yemen,developing,0.72,3.16,0.23
2006,Zimbabwe,developing,0.06,0.07,0.88
2006,Indonesia,developing,18.04,36.84,0.49
2006,Serbia,developed,1.46,2.61,0.56
2007,Azerbaijan,developing,0.06,1.13,0.05
2007,Albania,developed,0.43,0.7,0.62
2007,Argentina,developing,27.79,53.7,0.52
2007,Bangladesh,developing,10.39,15.05,0.69
2007,Bosnia and Herzegovina,developed,0.84,1.8,0.47
2007,Bulgaria,developed,4.74,7.38,0.64
2007,Cambodia,developing,0.06,0.24,0.23
2007,Sri Lanka,developing,0.2,0.5,0.39
2007,China,developing,10.02,29.07,0.34
2007,Bhutan,developing,0.09,0.37,0.25
2007,Cameroon,developing,0.01,0.06,0.16
2007,Colombia,developing,1.86,2.6,0.72
2007,Costa Rica,developing,2.69,6.1,0.44
2007,Cyprus,developed,0.62,1.06,0.58
2007,Denmark,developed,23.74,46.73,0.51
2007,Ecuador,developing,4.42,8.05,0.55
2007,Ireland,developed,9.77,26.14,0.37
2007,Estonia,developed,5.78,12.81,0.45
2007,Austria,developed,38.84,86.68,0.45
2007,Finland,developed,9.73,31.36,0.31
2007,France,developed,225.61,385.59,0.59
2007,Germany,developed,365.76,846.08,0.43
2007,Greece,developed,4.8,10.93,0.44
2007,Honduras,developing,1.14,2.62,0.43
2007,Croatia,developed,5.91,12.22,0.48
2007,Hungary,developed,2.87,7.56,0.38
2007,Iceland,developed,0.78,3.51,0.22
2007,Israel,developed,4.08,7.16,0.57
2007,Italy,developed,53.23,113.94,0.47
2007,Japan,developed,668.77,1517.31,0.44
2007,Jamaica,developing,0.05,0.14,0.34
2007,Jordan,developing,0.29,0.8,0.36
2007,Kyrgyzstan,developing,0.1,1.33,0.08
2007,Kazakhstan,developing,0.2,3.43,0.06
2007,Lebanon,developing,1.21,1.83,0.66
2007,Latvia,developed,2.11,4.35,0.49
2007,Belarus,developed,0.68,1.34,0.51
2007,Lithuania,developed,7.23,15.49,0.47
2007,Slovakia,developed,51.63,90.63,0.57
2007,Madagascar,developing,0.03,0.27,0.12
2007,North Macedonia,developed,1.16,2.99,0.39
2007,Morocco,developing,1.59,2.31,0.69
2007,Mauritius,developing,0.24,0.2,1.21
2007,Malta,developed,0.11,0.08,1.32
2007,Malaysia,developing,65.69,107.32,0.61
2007,Belgium,developed,187.65,399.63,0.47
2007,Andorra,developed,0.14,3.46,0.04
2007,Luxembourg,developed,2.8,11.39,0.25
2007,Netherlands,developed,197.25,412.01,0.48
2007,Norway,developed,12.06,46.47,0.26
2007,New Zealand,developed,12.45,33.3,0.37
2007,Peru,developing,0.1,0.17,0.61
2007,Poland,developed,34.51,56.91,0.61
2007,Panama,developing,1.35,6.54,0.21
2007,Portugal,developed,11.34,25.35,0.45
2007,Qatar,developing,0.3,0.89,0.34
2007,Romania,developed,6.83,13.1,0.52
2007,Botswana,developing,0.06,0.44,0.13
2007,Senegal,developing,0.01,0.03,0.45
2007,Slovenia,developed,6.25,14.65,0.43
2007,Singapore,developing,35.75,56,0.64
2007,Spain,developed,56.05,108.68,0.52
2007,Saint Lucia,developing,0.01,0.07,0.11
2007,Sweden,developed,38.22,68.12,0.56
2007,Switzerland,developed,26.77,97.75,0.27
2007,Trinidad and Tobago,developing,0.17,0.3,0.57
2007,Thailand,developing,94.64,183.29,0.52
2007,Togo,developing,0.07,0.17,0.42
2007,Tunisia,developing,5.26,10.37,0.51
2007,Turkey,developing,8.55,11.46,0.75
2007,Uganda,developing,0.14,0.36,0.39
2007,United Kingdom of Great Britain and Northern Ireland,developed,230.43,548.3,0.42
2007,United States of America,developed,744.52,1390.52,0.54
2007,Uruguay,developing,3.15,5.61,0.56
2007,Yemen,developing,1.77,6.86,0.26
2007,Zimbabwe,developing,0.01,0.02,0.57
2007,Indonesia,developing,25.51,58.17,0.44
2007,United Arab Emirates,developing,14.7,38.28,0.38
2007,Serbia,developed,1.32,2.15,0.61
2008,Azerbaijan,developing,0.05,0.72,0.07
2008,Albania,developed,0.72,1.21,0.59
2008,Argentina,developing,36.32,52.84,0.69
2008,Australia,developed,52.11,125.18,0.42
2008,Bangladesh,developing,12.78,17.12,0.75
2008,Bosnia and Herzegovina,developed,1.28,2.8,0.46
2008,Brazil,developing,4.52,7.98,0.57
2008,Bulgaria,developed,4.1,5.56,0.74
2008,Sri Lanka,developing,0.52,0.93,0.56
2008,China,developing,11.4,23.63,0.48
2008,Cameroon,developing,0.01,0.02,0.44
2008,Colombia,developing,2.36,3.24,0.73
2008,Costa Rica,developing,2.72,5.99,0.45
2008,Cyprus,developed,0.79,1.42,0.56
2008,Denmark,developed,23.45,247.47,0.09
2008,Ecuador,developing,5.27,9.22,0.57
2008,Egypt,developing,5.05,9.16,0.55
2008,Ireland,developed,16.07,28.24,0.57
2008,Estonia,developed,7.2,12.72,0.57
2008,Austria,developed,46.74,87.45,0.53
2008,Finland,developed,10.32,26.63,0.39
2008,France,developed,232.04,390.63,0.59
2008,Germany,developed,581.14,1216.96,0.48
2008,Greece,developed,6.46,13.92,0.46
2008,Croatia,developed,5.58,11,0.51
2008,Hungary,developed,6.27,11.13,0.56
2008,Iceland,developed,1.14,4.39,0.26
2008,Israel,developed,6.11,11.51,0.53
2008,Italy,developed,63.85,139.91,0.46
2008,Japan,developed,775.25,1513.42,0.51
2008,Jamaica,developing,0.04,0.09,0.44
2008,Jordan,developing,0.33,0.96,0.34
2008,Kyrgyzstan,developing,0.19,1.85,0.11
2008,Kuwait,developing,1.28,10.58,0.12
2008,Kazakhstan,developing,0.44,3.44,0.13
2008,Lebanon,developing,0.84,1.21,0.69
2008,Belarus,developed,0.84,1.01,0.83
2008,Lithuania,developed,8.01,16.3,0.49
2008,Slovakia,developed,9.63,11.63,0.83
2008,Madagascar,developing,0.17,0.83,0.21
2008,Morocco,developing,1.76,2.41,0.73
2008,Mauritius,developing,0.22,0.34,0.65
2008,Malta,developed,0.23,0.45,0.52
2008,Maldives,developing,0.01,0.03,0.39
2008,Mexico,developing,291.44,435.08,0.67
2008,Malaysia,developing,61.15,114.94,0.53
2008,Niger,developing,0.02,0.08,0.24
2008,Belgium,developed,176.62,369.55,0.48
2008,Andorra,developed,0.14,2.43,0.06
2008,Montenegro,developed,0.01,0.03,0.46
2008,Netherlands,developed,199.93,357.82,0.56
2008,Norway,developed,11.63,44.77,0.26
2008,New Zealand,developed,13.72,37.55,0.37
2008,Peru,developing,0.07,0.13,0.52
2008,Poland,developed,42.79,66.83,0.64
2008,Panama,developing,0.82,3.55,0.23
2008,Portugal,developed,18.21,38.78,0.47
2008,Romania,developed,9.15,16.84,0.54
2008,Philippines,developing,50.92,112.26,0.45
2008,Botswana,developing,0.07,0.34,0.19
2008,Senegal,developing,0.05,0.08,0.69
2008,Slovenia,developed,10.78,23.64,0.46
2008,Singapore,developing,37.46,55.55,0.67
2008,Spain,developed,70.12,112.45,0.62
2008,Sweden,developed,42.93,69.57,0.62
2008,Switzerland,developed,26.93,97.87,0.28
2008,Trinidad and Tobago,developing,0.13,0.42,0.31
2008,Thailand,developing,82.96,145.31,0.57
2008,Togo,developing,0.6,1.71,0.35
2008,Tunisia,developing,4.89,7.25,0.67
2008,Turkey,developing,10.9,12.74,0.86
2008,Uganda,developing,0.39,1.81,0.22
2008,United Kingdom of Great Britain and Northern Ireland,developed,272.43,654.39,0.42
2008,United States of America,developed,825.46,1610.39,0.51
2008,Uruguay,developing,3.02,4.07,0.74
2008,Indonesia,developing,25.45,53.2,0.48
2008,United Arab Emirates,developing,11.71,32.14,0.36
2008,Serbia,developed,1.12,2.46,0.45
2009,Algeria,developing,0.01,0.05,0.18
2009,Albania,developed,0.44,1.03,0.42
2009,Argentina,developing,21.48,40.09,0.54
2009,Australia,developed,44.15,204.74,0.22
2009,Bahamas,developing,0.04,0.57,0.07
2009,Bangladesh,developing,10.66,20.11,0.53
2009,Brazil,developing,2.13,3.95,0.54
2009,Bulgaria,developed,3.43,7.15,0.48
2009,Sri Lanka,developing,0.44,1.16,0.38
2009,China,developing,14.73,33.39,0.44
2009,Bhutan,developing,0.08,0.58,0.14
2009,Colombia,developing,1.16,2.57,0.45
2009,Costa Rica,developing,1.24,3.35,0.37
2009,Cyprus,developed,0.42,1.42,0.29
2009,Denmark,developed,29.98,131.45,0.23
2009,Ecuador,developing,3.72,8.51,0.44
2009,Egypt,developing,9.35,11.86,0.79
2009,Ireland,developed,14.38,36.89,0.39
2009,Estonia,developed,4.37,21.29,0.21
2009,Austria,developed,33.43,106.58,0.31
2009,Finland,developed,9.18,37.6,0.24
2009,France,developed,176.34,447.68,0.39
2009,Germany,developed,496.87,1481.31,0.34
2009,Greece,developed,7.15,40.08,0.18
2009,Honduras,developing,1.9,2.2,0.86
2009,Croatia,developed,2.41,6.44,0.37
2009,Hungary,developed,4.71,11.44,0.41
2009,Iceland,developed,0.9,4.71,0.19
2009,Israel,developed,3.44,7.47,0.46
2009,Italy,developed,74.61,212.41,0.35
2009,Japan,developed,633.87,1487.71,0.43
2009,Jordan,developing,0.28,0.45,0.62
2009,Kyrgyzstan,developing,0.1,0.8,0.12
2009,Kazakhstan,developing,0.68,2.95,0.23
2009,Lebanon,developing,1.12,1.84,0.61
2009,Latvia,developed,1.58,5.66,0.28
2009,Belarus,developed,0.54,1.3,0.41
2009,Lithuania,developed,3.92,11.85,0.33
2009,Slovakia,developed,12.98,23.62,0.55
2009,North Macedonia,developed,0.84,1.5,0.56
2009,Mauritius,developing,0.38,0.9,0.43
2009,Malta,developed,0.54,1.52,0.36
2009,Malaysia,developing,61.02,123.63,0.49
2009,Belgium,developed,165.96,453.56,0.37
2009,Luxembourg,developed,1.72,6.59,0.26
2009,Montenegro,developed,0.02,0.11,0.22
2009,Netherlands,developed,144.44,245.32,0.59
2009,Norway,developed,8.1,28.57,0.28
2009,Suriname,developing,0.01,0.04,0.15
2009,New Zealand,developed,10.92,40.52,0.27
2009,Peru,developing,0.12,0.28,0.41
2009,Poland,developed,40.96,97.15,0.42
2009,Panama,developing,0.67,3.05,0.22
2009,Portugal,developed,16.42,47.83,0.34
2009,Qatar,developing,0.35,0.58,0.61
2009,Romania,developed,9.49,30.76,0.31
2009,Philippines,developing,25.54,79.58,0.32
2009,Botswana,developing,0.11,0.69,0.17
2009,Singapore,developing,26.08,51.6,0.51
2009,Spain,developed,64.73,166.85,0.39
2009,Saint Lucia,developing,0.01,0.11,0.13
2009,Sweden,developed,34.42,91.8,0.37
2009,Switzerland,developed,19.48,81.89,0.24
2009,Trinidad and Tobago,developing,0.75,0.42,1.79
2009,Thailand,developing,79.45,166.37,0.48
2009,Togo,developing,0.18,0.53,0.34
2009,Tunisia,developing,4.53,9.32,0.49
2009,Turkey,developing,7.58,11.23,0.67
2009,Uganda,developing,0.91,2.4,0.38
2009,United Kingdom of Great Britain and Northern Ireland,developed,209.54,711.22,0.29
2009,Ukraine,developed,1.48,3.55,0.42
2009,United States of America,developed,827.61,2038.96,0.41
2009,Uruguay,developing,0.54,1.29,0.42
2009,Samoa,developing,0.01,0.02,0.29
2009,Yemen,developing,7.67,23.13,0.33
2009,Zambia,developing,0.01,0.33,0.04
2009,Serbia,developed,0.93,2.77,0.34
2010,Algeria,developing,0.21,0.87,0.24
2010,Azerbaijan,developing,0.02,0.26,0.07
2010,Armenia,developing,0.36,0.47,0.77
2010,Australia,developed,60.15,156.39,0.38
2010,Bangladesh,developing,22.97,32.4,0.71
2010,Bosnia and Herzegovina,developed,1.74,4.27,0.41
2010,Brazil,developing,4.04,5.47,0.74
2010,Bulgaria,developed,6.17,11.53,0.54
2010,Cambodia,developing,0.21,1.74,0.12
2010,Sri Lanka,developing,0.63,1.21,0.52
2010,China,developing,21.68,25.76,0.84
2010,Bhutan,developing,0.13,0.73,0.18
2010,Chile,developing,5.55,13.46,0.41
2010,Colombia,developing,2.6,6.14,0.42
2010,Costa Rica,developing,2.32,5.63,0.41
2010,Cyprus,developed,0.82,3.03,0.27
2010,Denmark,developed,21.62,493.56,0.04
2010,Ecuador,developing,6.23,10.04,0.62
2010,Egypt,developing,14.04,20.99,0.67
2010,Ireland,developed,17.3,40.9,0.42
2010,Estonia,developed,5.97,15.32,0.39
2010,Finland,developed,11.2,31.89,0.35
2010,France,developed,245.18,477.95,0.51
2010,Georgia,developing,0.07,0.25,0.27
2010,Germany,developed,586.15,1496.11,0.39
2010,Greece,developed,10.43,50.02,0.21
2010,Honduras,developing,1.65,2.71,0.61
2010,Croatia,developed,2.89,7.34,0.39
2010,Hungary,developed,6.86,15.53,0.44
2010,Israel,developed,5.41,12.37,0.44
2010,Italy,developed,101.05,263.95,0.38
2010,Kyrgyzstan,developing,0.17,1.34,0.13
2010,Kuwait,developing,2.37,12.31,0.19
2010,Kazakhstan,developing,0.64,1.31,0.49
2010,Lebanon,developing,2.56,3.52,0.73
2010,Latvia,developed,2.34,6.76,0.35
2010,Belarus,developed,1.31,3.7,0.35
2010,Lithuania,developed,3.89,10,0.39
2010,Madagascar,developing,0.11,0.36,0.29
2010,North Macedonia,developed,0.5,1.15,0.44
2010,Morocco,developing,0.88,2.52,0.35
2010,Mauritius,developing,0.36,1.07,0.34
2010,Malta,developed,0.51,0.96,0.53
2010,Maldives,developing,0.01,0.03,0.25
2010,Malaysia,developing,79.62,134.33,0.59
2010,Belgium,developed,171.07,396.96,0.43
2010,Andorra,developed,0.12,1.95,0.06
2010,Luxembourg,developed,2.11,7.83,0.27
2010,Montenegro,developed,0.1,0.33,0.31
2010,Netherlands,developed,172.07,361.14,0.48
2010,Norway,developed,11.87,33.43,0.36
2010,Suriname,developing,0.06,0.2,0.33
2010,New Zealand,developed,15,39.42,0.38
2010,Peru,developing,0.57,0.69,0.83
2010,Panama,developing,0.84,4.43,0.19
2010,Portugal,developed,22.19,62.64,0.35
2010,Romania,developed,10.65,30.17,0.35
2010,Philippines,developing,59,131.11,0.45
2010,Botswana,developing,0.14,0.52,0.26
2010,Singapore,developing,45.24,55.39,0.82
2010,Spain,developed,90.11,217.89,0.41
2010,Sweden,developed,35.07,90.61,0.39
2010,Switzerland,developed,27.6,93.94,0.29
2010,Trinidad and Tobago,developing,0.47,0.97,0.48
2010,Thailand,developing,130.45,205.92,0.63
2010,Togo,developing,0.49,1.38,0.36
2010,Tunisia,developing,6.31,12.21,0.52
2010,Uganda,developing,0.93,2.2,0.42
2010,United Kingdom of Great Britain and Northern Ireland,developed,265.13,838.19,0.32
2010,Ukraine,developed,3.49,5.33,0.66
2010,United States of America,developed,948.45,2057.63,0.46
2010,Uruguay,developing,0.79,1.63,0.49
2010,Yemen,developing,8.27,29.05,0.28
2010,Zimbabwe,developing,0.01,0.04,0.22
2010,Indonesia,developing,78.63,116.35,0.68
2011,Algeria,developing,0.31,1.24,0.25
2011,Azerbaijan,developing,0.09,0.3,0.31
2011,Albania,developed,3.48,5.07,0.69
2011,Australia,developed,69.96,151.21,0.46
2011,Belize,developing,0.04,0.64,0.07
2011,Bosnia and Herzegovina,developed,2.38,5.06,0.47
2011,Brazil,developing,4,5.77,0.69
2011,Bulgaria,developed,7.44,11.75,0.63
2011,Sri Lanka,developing,0.67,1,0.67
2011,China,developing,23.15,25.49,0.91
2011,Bhutan,developing,0.21,0.98,0.22
2011,Chile,developing,6.49,14.39,0.45
2011,Costa Rica,developing,3.87,8.78,0.44
2011,Cyprus,developed,2.47,6.35,0.39
2011,Denmark,developed,34.51,79.84,0.43
2011,Ecuador,developing,12.65,14.99,0.84
2011,Ireland,developed,15.61,38.31,0.41
2011,Estonia,developed,7.53,13.98,0.54
2011,Austria,developed,60.17,133.56,0.45
2011,Finland,developed,18.29,34.88,0.52
2011,France,developed,307.89,502.83,0.61
2011,Georgia,developing,0.15,0.29,0.52
2011,Germany,developed,704.34,1483.38,0.47
2011,Croatia,developed,2.98,8.3,0.36
2011,Iceland,developed,1.99,4.32,0.46
2011,Israel,developed,8.54,19.58,0.44
2011,Iraq,developing,16.75,98.22,0.17
2011,Japan,developed,944.98,1631.45,0.58
2011,Jamaica,developing,0.12,0.23,0.53
2011,Jordan,developing,0.7,1.86,0.38
2011,Kyrgyzstan,developing,0.39,2.49,0.16
2011,Kazakhstan,developing,4.22,5.2,0.81
2011,Latvia,developed,4.03,10.22,0.39
2011,Belarus,developed,1.75,3.84,0.45
2011,Lithuania,developed,5.47,13.2,0.41
2011,Slovakia,developed,19.15,7.82,2.45
2011,Madagascar,developing,0.09,0.42,0.21
2011,North Macedonia,developed,1.68,2.73,0.62
2011,Morocco,developing,4.03,9.18,0.44
2011,Mauritius,developing,0.7,1.09,0.64
2011,Malta,developed,1.57,2.04,0.77
2011,Maldives,developing,0.11,0.3,0.35
2011,Mexico,developing,256.23,442.2,0.58
2011,Belgium,developed,197.85,414.62,0.48
2011,Andorra,developed,0.22,2.72,0.08
2011,Luxembourg,developed,3.42,7.96,0.43
2011,Montenegro,developed,0.12,0.38,0.31
2011,Netherlands,developed,224.81,381.13,0.59
2011,Norway,developed,17.61,40.91,0.43
2011,Suriname,developing,0.06,0.28,0.22
2011,New Zealand,developed,25.7,45.43,0.57
2011,Panama,developing,1.03,2.83,0.36
2011,Portugal,developed,26.51,59.78,0.44
2011,Romania,developed,10.7,29.22,0.37
2011,Philippines,developing,83.95,151.93,0.55
2011,Botswana,developing,0.04,0.29,0.15
2011,Senegal,developing,0.3,0.4,0.76
2011,Slovenia,developed,17.57,28.18,0.62
2011,Singapore,developing,39.77,62.45,0.64
2011,Spain,developed,89.9,192.36,0.47
2011,Saint Lucia,developing,0.03,0.09,0.33
2011,Sweden,developed,52.61,114.32,0.46
2011,Switzerland,developed,34.26,102.86,0.33
2011,Trinidad and Tobago,developing,0.75,1.44,0.52
2011,Thailand,developing,193.99,232.17,0.84
2011,Togo,developing,0.55,1.55,0.35
2011,Tunisia,developing,8.95,14.76,0.61
2011,Turkey,developing,27.91,24.38,1.15
2011,Uganda,developing,0.93,1.63,0.57
2011,United Kingdom of Great Britain and Northern Ireland,developed,305.05,880.58,0.35
2011,United States of America,developed,1053.75,2148.76,0.49
2011,Burkina Faso,developing,0.01,0.07,0.11
2011,Uruguay,developing,0.73,1.88,0.39
2011,Yemen,developing,11.1,47.23,0.24
2011,Zambia,developing,0.04,0.08,0.57
2011,Zimbabwe,developing,0.1,0.16,0.64
2011,Indonesia,developing,141.22,166.43,0.85
2011,Serbia,developed,4.6,5.98,0.77
2012,Azerbaijan,developing,0.65,0.82,0.79
2012,Albania,developed,2.45,3.21,0.77
2012,Bangladesh,developing,45.35,34.08,1.33
2012,Belize,developing,0.1,0.87,0.11
2012,Bosnia and Herzegovina,developed,2.84,5.9,0.48
2012,Bulgaria,developed,7.95,12.63,0.63
2012,Sri Lanka,developing,0.83,1.27,0.65
2012,China,developing,50.91,32.92,1.55
2012,Bhutan,developing,0.22,1.19,0.19
2012,Chile,developing,5.66,12.98,0.44
2012,Cameroon,developing,0.01,0.06,0.17
2012,Colombia,developing,3,6.52,0.46
2012,Cyprus,developed,2,6.02,0.33
2012,Denmark,developed,38.4,85.28,0.45
2012,Ecuador,developing,17.54,24.32,0.72
2012,Estonia,developed,9.79,38.61,0.25
2012,Austria,developed,58.18,170.38,0.34
2012,Finland,developed,14.14,31.9,0.44
2012,France,developed,288.78,508.03,0.57
2012,Georgia,developing,0.4,0.73,0.54
2012,Germany,developed,703.31,1511.48,0.47
2012,Greece,developed,12.75,38.97,0.33
2012,Honduras,developing,10.53,11.52,0.91
2012,Croatia,developed,3.13,9.72,0.32
2012,Iceland,developed,1.49,4.11,0.36
2012,Israel,developed,5.85,10.7,0.55
2012,Italy,developed,87.57,228.02,0.38
2012,Japan,developed,924.92,1673.62,0.55
2012,Jamaica,developing,0.11,0.25,0.46
2012,Kyrgyzstan,developing,0.48,2.46,0.19
2012,Kazakhstan,developing,0.72,1.4,0.52
2012,Lebanon,developing,3.71,4.16,0.89
2012,Latvia,developed,3.77,9.93,0.38
2012,Belarus,developed,2.33,5.38,0.43
2012,Lithuania,developed,8.06,17.51,0.46
2012,Slovakia,developed,20.53,12.23,1.68
2012,Madagascar,developing,0.05,0.28,0.19
2012,North Macedonia,developed,3.54,6.31,0.56
2012,Morocco,developing,6.15,14.36,0.43
2012,Mauritius,developing,0.72,1.07,0.67
2012,Maldives,developing,0.06,0.18,0.35
2012,Mexico,developing,296.47,522.14,0.57
2012,Malaysia,developing,130.47,197.6,0.66
2012,Belgium,developed,205.82,456.86,0.45
2012,Andorra,developed,0.24,1.37,0.18
2012,Luxembourg,developed,2.95,8.84,0.33
2012,Montenegro,developed,0.2,0.63,0.31
2012,Netherlands,developed,238.09,428.67,0.56
2012,Suriname,developing,0.12,0.43,0.28
2012,New Zealand,developed,17.08,44.25,0.39
2012,Peru,developing,0.48,0.75,0.64
2012,Poland,developed,57.34,101.3,0.57
2012,Portugal,developed,29.22,63.81,0.46
2012,Romania,developed,15.19,36.9,0.41
2012,Philippines,developing,62.95,123.32,0.51
2012,Botswana,developing,0.36,0.44,0.82
2012,Senegal,developing,0.24,0.35,0.69
2012,Slovenia,developed,30.87,69.25,0.45
2012,Singapore,developing,37.91,69.54,0.55
2012,Spain,developed,100.89,236.88,0.43
2012,Saint Lucia,developing,0.01,0.04,0.23
2012,Sweden,developed,51.03,110.08,0.46
2012,Switzerland,developed,31.93,111.73,0.29
2012,Trinidad and Tobago,developing,1.05,2.15,0.49
2012,Thailand,developing,212.71,263.13,0.81
2012,Togo,developing,0.1,0.75,0.13
2012,Tunisia,developing,10.47,18.08,0.58
2012,Uganda,developing,1.62,3.31,0.49
2012,United Kingdom of Great Britain and Northern Ireland,developed,298.14,811.51,0.37
2012,Ukraine,developed,2.5,3.28,0.76
2012,United States of America,developed,947.5,2052.72,0.46
2012,Burkina Faso,developing,0.01,0.14,0.08
2012,Uruguay,developing,0.67,1.86,0.36
2012,Yemen,developing,5.49,36.36,0.15
2012,Zambia,developing,0.11,0.27,0.42
2012,Indonesia,developing,155.38,204.75,0.76
2012,United Arab Emirates,developing,11.21,27.58,0.41
2012,Serbia,developed,9.22,12.94,0.71
2013,Algeria,developing,1.5,5.26,0.28
2013,Albania,developed,2.08,3.09,0.67
2013,Armenia,developing,0.03,0.11,0.29
2013,Argentina,developing,14.25,19.49,0.73
2013,Australia,developed,58.66,155.08,0.38
2013,Bahamas,developing,0.13,0.11,1.15
2013,Bangladesh,developing,28.57,36.37,0.79
2013,Belize,developing,0.21,1.23,0.17
2013,Bosnia and Herzegovina,developed,3.93,7.71,0.51
2013,Brazil,developing,2.77,3.39,0.82
2013,Bulgaria,developed,5.61,8.88,0.63
2013,Cambodia,developing,1.12,7.14,0.16
2013,Sri Lanka,developing,0.91,1.59,0.57
2013,Chile,developing,5.72,12.32,0.46
2013,Cameroon,developing,0.01,0.06,0.24
2013,Colombia,developing,2.89,3.45,0.84
2013,Costa Rica,developing,5.26,9.56,0.55
2013,Cyprus,developed,1.65,5.74,0.29
2013,Denmark,developed,35.12,68.02,0.52
2013,Ecuador,developing,18.64,29.63,0.63
2013,Egypt,developing,5.93,6.5,0.91
2013,Estonia,developed,8.12,15.49,0.52
2013,Finland,developed,12.82,30.08,0.43
2013,Georgia,developing,0.72,1.58,0.46
2013,Germany,developed,691.06,1325.17,0.52
2013,Greece,developed,10.01,29.84,0.34
2013,Croatia,developed,3.33,9.86,0.34
2013,Hungary,developed,8.54,18.66,0.46
2013,Iceland,developed,1.4,4.1,0.34
2013,Israel,developed,4.89,8.71,0.56
2013,Italy,developed,93.73,191.62,0.49
2013,Iraq,developing,12.77,34.75,0.37
2013,Japan,developed,810.7,1681.73,0.48
2013,Jamaica,developing,0.32,0.74,0.43
2013,Kyrgyzstan,developing,0.73,2.01,0.36
2013,Kuwait,developing,5.11,12.51,0.41
2013,Kazakhstan,developing,2.98,3.6,0.83
2013,Lebanon,developing,3.6,5,0.72
2013,Latvia,developed,2.97,7.07,0.42
2013,Belarus,developed,4.29,9.53,0.45
2013,Lithuania,developed,9.35,19.37,0.48
2013,North Macedonia,developed,3.69,6.43,0.57
2013,Morocco,developing,7.46,15.13,0.49
2013,Malta,developed,2.66,3.72,0.71
2013,Maldives,developing,0.08,0.22,0.36
2013,Mexico,developing,285.75,517.07,0.55
2013,Malaysia,developing,147.36,250.81,0.59
2013,Andorra,developed,0.25,0.76,0.33
2013,Luxembourg,developed,4.91,12.53,0.39
2013,Montenegro,developed,0.23,0.58,0.39
2013,Netherlands,developed,271.61,464.29,0.58
2013,Norway,developed,25.84,57.34,0.45
2013,Nepal,developing,0.02,0.03,0.57
2013,Suriname,developing,0.1,0.41,0.25
2013,New Zealand,developed,14.18,42.52,0.33
2013,Peru,developing,0.54,0.86,0.62
2013,Poland,developed,66.25,99.43,0.67
2013,Panama,developing,0.45,0.12,3.81
2013,Romania,developed,14.53,32.44,0.45
2013,Philippines,developing,29.05,54.17,0.54
2013,Botswana,developing,0.33,0.35,0.92
2013,Senegal,developing,0.29,0.43,0.67
2013,Slovenia,developed,31.14,71.59,0.43
2013,Singapore,developing,51.15,92.21,0.55
2013,Spain,developed,98.32,225.84,0.44
2013,Saint Lucia,developing,0.02,0.03,0.57
2013,Sweden,developed,52.07,112.54,0.46
2013,Switzerland,developed,33.57,121.42,0.28
2013,Trinidad and Tobago,developing,0.64,1.25,0.51
2013,Thailand,developing,260.82,317.54,0.82
2013,Togo,developing,0.07,0.36,0.19
2013,Tunisia,developing,18.56,30.17,0.62
2013,Turkey,developing,23.96,26.38,0.91
2013,Uganda,developing,2.11,4.63,0.46
2013,United Kingdom of Great Britain and Northern Ireland,developed,223.49,648.64,0.34
2013,Ukraine,developed,1.66,3.12,0.53
2013,United States of America,developed,869.39,1938.66,0.45
2013,Uruguay,developing,0.57,2.15,0.27
2013,Saint Vincent and the Grenadines,developing,0.01,0.04,0.34
2013,Indonesia,developing,173.33,231.75,0.75
2013,United Arab Emirates,developing,9.76,28.78,0.34
2013,Serbia,developed,10.23,15.68,0.65
2014,Algeria,developing,1.17,3.77,0.31
2014,Albania,developed,0.32,0.38,0.84
2014,Argentina,developing,9.84,15.15,0.65
2014,Australia,developed,66.68,185.71,0.36
2014,Belize,developing,0.31,2.3,0.13
2014,Bosnia and Herzegovina,developed,4.58,9.39,0.49
2014,Brazil,developing,2.51,5.87,0.43
2014,Bulgaria,developed,6.33,10.11,0.63
2014,Cambodia,developing,1.78,7.96,0.22
2014,Sri Lanka,developing,0.87,1.47,0.59
2014,China,developing,62.38,42.65,1.46
2014,Chile,developing,7.14,14.97,0.48
2014,Cameroon,developing,0.11,0.26,0.43
2014,Colombia,developing,3.33,4.4,0.76
2014,Costa Rica,developing,6.31,12.78,0.49
2014,Denmark,developed,35.67,82.24,0.43
2014,Ecuador,developing,21.21,34.72,0.61
2014,Egypt,developing,0.39,0.55,0.71
2014,Estonia,developed,9.13,17.51,0.52
2014,Austria,developed,56.89,182.3,0.31
2014,Finland,developed,12.53,34.03,0.37
2014,France,developed,270.41,483.03,0.56
2014,Georgia,developing,0.64,1.24,0.52
2014,Greece,developed,10.79,35.02,0.31
2014,Croatia,developed,4.93,12.95,0.38
2014,Hungary,developed,7.24,19.9,0.36
2014,Iceland,developed,1.83,4.43,0.41
2014,Israel,developed,6.35,9.94,0.64
2014,Italy,developed,78.31,175.86,0.45
2014,Iraq,developing,0.13,2.5,0.05
2014,Japan,developed,762.43,1670.23,0.46
2014,Jamaica,developing,0.78,2.16,0.36
2014,Jordan,developing,0.4,1.38,0.29
2014,Kyrgyzstan,developing,1.47,2.66,0.55
2014,Kuwait,developing,5.5,10.14,0.54
2014,Kazakhstan,developing,1.44,1.4,1.03
2014,Lebanon,developing,2.83,3.93,0.72
2014,Latvia,developed,5.28,12.01,0.44
2014,Belarus,developed,4.71,10.56,0.45
2014,Lithuania,developed,10.32,24.23,0.43
2014,Slovakia,developed,31.67,41.69,0.76
2014,North Macedonia,developed,3.55,6.12,0.58
2014,Morocco,developing,8.59,16.7,0.51
2014,Mauritius,developing,0.78,1.54,0.51
2014,Malta,developed,2.74,4.72,0.58
2014,Maldives,developing,0.12,0.43,0.27
2014,Mexico,developing,297.77,862.74,0.35
2014,Malaysia,developing,145.07,247.01,0.59
2014,Belgium,developed,205.61,437.31,0.47
2014,Andorra,developed,0.25,0.77,0.33
2014,Luxembourg,developed,6.73,13.23,0.51
2014,Montenegro,developed,0.25,0.69,0.36
2014,Netherlands,developed,247.21,431.32,0.57
2014,Norway,developed,25.85,59.75,0.43
2014,Nepal,developing,0.06,0.61,0.09
2014,Suriname,developing,0.2,0.57,0.35
2014,New Zealand,developed,17.81,48.22,0.37
2014,Peru,developing,0.7,1.1,0.64
2014,Poland,developed,77.48,138.83,0.56
2014,Portugal,developed,32.49,62.82,0.52
2014,Romania,developed,15.99,31.5,0.51
2014,Philippines,developing,72.46,136.88,0.53
2014,Botswana,developing,0.36,0.54,0.67
2014,Senegal,developing,0.93,1.38,0.67
2014,Slovenia,developed,47,97.58,0.48
2014,Singapore,developing,62.01,81.07,0.76
2014,Spain,developed,137.78,333.47,0.41
2014,Saint Lucia,developing,0.02,0.06,0.43
2014,Sweden,developed,33.92,99.85,0.34
2014,Switzerland,developed,33.04,105.4,0.31
2014,Trinidad and Tobago,developing,0.58,1.14,0.51
2014,Thailand,developing,245.73,346.94,0.71
2014,Togo,developing,0.02,0.07,0.24
2014,Tunisia,developing,27.8,39.31,0.71
2014,Turkey,developing,17.8,20.29,0.88
2014,Uganda,developing,3.62,5.78,0.63
2014,United Kingdom of Great Britain and Northern Ireland,developed,274.3,764.61,0.36
2014,Ukraine,developed,1.26,2.31,0.55
2014,United States of America,developed,952.77,2182.98,0.44
2014,Burkina Faso,developing,0.04,0.1,0.46
2014,Uruguay,developing,0.67,1.98,0.34
2014,Saint Vincent and the Grenadines,developing,0.04,0.1,0.44
2014,Yemen,developing,3.34,6.89,0.49
2014,Zambia,developing,0.11,0.2,0.57
2014,Zimbabwe,developing,0.04,0.57,0.07
2014,United Arab Emirates,developing,12.03,32.76,0.37
2014,Serbia,developed,8.75,15.45,0.57
2015,Algeria,developing,0.59,2.28,0.26
2015,Armenia,developing,0.04,0.09,0.41
2015,Argentina,developing,4.48,10.04,0.45
2015,Australia,developed,58.49,206.06,0.28
2015,Bangladesh,developing,21.65,39.01,0.55
2015,Belize,developing,0.13,1.18,0.11
2015,Bosnia and Herzegovina,developed,3.44,8.48,0.41
2015,Brazil,developing,2.5,14.61,0.17
2015,Bulgaria,developed,4.25,9.12,0.47
2015,Cambodia,developing,3.34,14.31,0.23
2015,Sri Lanka,developing,0.61,1.15,0.53
2015,Burundi,developing,0.01,0.1,0.13
2015,Chile,developing,6.73,14.31,0.47
2015,Cameroon,developing,0.17,0.32,0.54
2015,Colombia,developing,3.07,5.36,0.57
2015,Costa Rica,developing,4.19,9.85,0.43
2015,Cyprus,developed,1.9,10.46,0.18
2015,Denmark,developed,25.48,74.24,0.34
2015,Ecuador,developing,14.85,34.14,0.43
2015,Egypt,developing,0.17,0.31,0.54
2015,Estonia,developed,6.62,15.92,0.42
2015,Finland,developed,11.16,31.05,0.36
2015,France,developed,212.78,468.75,0.45
2015,Georgia,developing,0.28,0.78,0.36
2015,Germany,developed,541.7,1376.83,0.39
2015,Greece,developed,11.09,37.83,0.29
2015,Honduras,developing,0.36,2,0.18
2015,Croatia,developed,4.92,13.96,0.35
2015,Hungary,developed,6.89,20.28,0.34
2015,Iceland,developed,1.2,5.73,0.21
2015,Israel,developed,4.6,8.88,0.52
2015,Iraq,developing,0.04,0.7,0.05
2015,Japan,developed,628.18,1606.27,0.39
2015,Jamaica,developing,0.42,1.78,0.23
2015,Kyrgyzstan,developing,1.27,1.77,0.71
2015,Kuwait,developing,3.03,8.3,0.37
2015,Kazakhstan,developing,0.12,0.55,0.22
2015,Lebanon,developing,1.77,2.8,0.63
2015,Latvia,developed,4,10.13,0.39
2015,Belarus,developed,3.89,11.16,0.35
2015,Lithuania,developed,9.82,27.9,0.35
2015,Madagascar,developing,0.03,0.09,0.33
2015,North Macedonia,developed,2.73,5.92,0.46
2015,Morocco,developing,8.63,18.95,0.46
2015,Mauritius,developing,0.63,1.52,0.41
2015,Malta,developed,1.63,3.68,0.44
2015,Maldives,developing,0.05,0.18,0.26
2015,Mexico,developing,212.11,449.97,0.47
2015,Malaysia,developing,92.17,182.27,0.51
2015,Belgium,developed,175.28,430.72,0.41
2015,Andorra,developed,0.24,0.91,0.27
2015,Luxembourg,developed,5.99,17.53,0.34
2015,Montenegro,developed,0.14,0.46,0.31
2015,Netherlands,developed,211.63,505.24,0.42
2015,Nepal,developing,0.07,0.57,0.12
2015,Poland,developed,79.97,166.38,0.48
2015,Portugal,developed,26.01,60.3,0.43
2015,Romania,developed,10.9,26.04,0.42
2015,Philippines,developing,54.7,116.52,0.47
2015,Botswana,developing,0.12,0.26,0.45
2015,Senegal,developing,0.74,1.3,0.57
2015,Slovenia,developed,42.74,103.85,0.41
2015,Singapore,developing,35.21,62.29,0.57
2015,Spain,developed,123.34,329.94,0.37
2015,Sweden,developed,23.92,87.21,0.27
2015,Switzerland,developed,26.72,98.81,0.27
2015,Trinidad and Tobago,developing,0.48,1.07,0.45
2015,Togo,developing,0.05,0.1,0.52
2015,Tunisia,developing,15.93,30.66,0.52
2015,Uganda,developing,2.16,4.94,0.44
2015,United Kingdom of Great Britain and Northern Ireland,developed,280.2,791.55,0.35
2015,Ukraine,developed,0.58,1.04,0.56
2015,Uruguay,developing,0.58,1.97,0.29
2015,Saint Vincent and the Grenadines,developing,0.01,0.09,0.11
2015,Yemen,developing,1.32,14.98,0.09
2015,Zambia,developing,0.31,0.9,0.34
2015,Zimbabwe,developing,0.07,0.98,0.07
2015,Indonesia,developing,82.95,148.73,0.56
2015,United Arab Emirates,developing,11.09,29.03,0.38
2015,Serbia,developed,3.95,10.65,0.37
2016,Algeria,developing,0.15,0.59,0.25
2016,Azerbaijan,developing,0.02,0.11,0.15
2016,Albania,developed,2.32,4.17,0.56
2016,Angola,developing,0.21,0.99,0.21
2016,Argentina,developing,2.61,5.88,0.44
2016,Australia,developed,48.3,199.74,0.24
2016,Belize,developing,0.03,0.5,0.07
2016,Bosnia and Herzegovina,developed,2.85,7.51,0.38
2016,Bulgaria,developed,3.3,8.94,0.37
2016,Cambodia,developing,3.21,17.09,0.19
2016,Sri Lanka,developing,0.5,1.28,0.39
2016,Burundi,developing,0.01,0.08,0.08
2016,China,developing,61.2,30.03,2.04
2016,Chile,developing,5.75,15.06,0.38
2016,Cameroon,developing,0.07,0.16,0.43
2016,Colombia,developing,1.33,2.86,0.47
2016,Costa Rica,developing,4.96,11.56,0.43
2016,Cyprus,developed,2.56,13.95,0.18
2016,Denmark,developed,17.32,59.12,0.29
2016,Ecuador,developing,7.3,17.62,0.41
2016,Egypt,developing,1.26,2.73,0.46
2016,Estonia,developed,5.29,16.95,0.31
2016,Austria,developed,47.56,148.47,0.32
2016,Finland,developed,9.16,29.04,0.32
2016,France,developed,177.78,483.96,0.37
2016,Georgia,developing,0.14,0.59,0.24
2016,Germany,developed,491.47,1457.15,0.34
2016,Greece,developed,11.56,42.86,0.27
2016,Croatia,developed,5.46,17.72,0.31
2016,Iceland,developed,1.19,6.29,0.19
2016,Israel,developed,5.66,13.18,0.43
2016,Iraq,developing,0.05,1.1,0.05
2016,Japan,developed,548.83,1526.92,0.36
2016,Jamaica,developing,0.51,2.84,0.18
2016,Jordan,developing,0.13,0.49,0.26
2016,Kyrgyzstan,developing,0.02,0.09,0.28
2016,Kuwait,developing,3.16,10.72,0.29
2016,Lebanon,developing,1.83,3.3,0.55
2016,Latvia,developed,4.53,12.76,0.36
2016,Belarus,developed,3.32,8.43,0.39
2016,Lithuania,developed,7.93,28.27,0.28
2016,Madagascar,developing,0.02,0.06,0.36
2016,North Macedonia,developed,2.8,6.16,0.45
2016,Morocco,developing,4.64,12.35,0.38
2016,Mauritius,developing,0.42,1.32,0.32
2016,Malta,developed,2.5,5.73,0.44
2016,Maldives,developing,0.08,0.35,0.23
2016,Mexico,developing,180.11,429.55,0.42
2016,Malaysia,developing,80.77,163.62,0.49
2016,Belgium,developed,176.21,466.09,0.38
2016,Andorra,developed,0.21,1.17,0.18
2016,Luxembourg,developed,5.45,14.79,0.37
2016,Montenegro,developed,0.18,0.66,0.27
2016,Netherlands,developed,191.72,490.25,0.39
2016,Norway,developed,17.69,57.32,0.31
2016,Nepal,developing,0.18,1.1,0.16
2016,New Zealand,developed,12.6,51.03,0.25
2016,Poland,developed,78.99,192.22,0.41
2016,Panama,developing,1.26,4.12,0.31
2016,Portugal,developed,25.81,72.29,0.36
2016,Romania,developed,9.41,24.96,0.38
2016,Philippines,developing,60.32,135.72,0.44
2016,Botswana,developing,0.05,0.29,0.17
2016,Senegal,developing,0.47,1.84,0.26
2016,Slovenia,developed,38.47,106.93,0.36
2016,Singapore,developing,27.81,61.27,0.45
2016,Spain,developed,113.99,318.93,0.36
2016,Sweden,developed,22.21,99.34,0.22
2016,Switzerland,developed,23.3,99.01,0.24
2016,Togo,developing,0.06,0.28,0.23
2016,Tunisia,developing,14.19,29.13,0.49
2016,Turkey,developing,12.58,16.81,0.75
2016,United Kingdom of Great Britain and Northern Ireland,developed,220.49,805.07,0.27
2016,Ukraine,developed,0.52,0.9,0.57
2016,Burkina Faso,developing,0.02,1.45,0.02
2016,Uruguay,developing,0.37,1.38,0.27
2016,Saint Vincent and the Grenadines,developing,0.07,0.15,0.43
2016,Zimbabwe,developing,0.05,0.8,0.06
2016,Indonesia,developing,93.28,203.59,0.46
2016,United Arab Emirates,developing,8.88,28.39,0.31
2016,Serbia,developed,5.22,14,0.37
2017,Algeria,developing,0.38,1.54,0.25
2017,Azerbaijan,developing,0.03,0.12,0.26
2017,Armenia,developing,0.04,0.12,0.36
2017,Australia,developed,36.32,146.78,0.25
2017,Belize,developing,0.04,0.31,0.14
2017,Bosnia and Herzegovina,developed,2.2,5.91,0.37
2017,Brazil,developing,2.09,7.38,0.28
2017,Burundi,developing,0.01,0.05,0.19
2017,China,developing,70.85,29.65,2.39
2017,Colombia,developing,1.08,3.2,0.34
2017,Costa Rica,developing,3.91,10.31,0.38
2017,Cyprus,developed,1.75,9.85,0.18
2017,Denmark,developed,18.26,55.65,0.33
2017,Ecuador,developing,9.48,16.65,0.57
2017,Egypt,developing,0.87,2.34,0.37
2017,Estonia,developed,4.19,13.63,0.31
2017,France,developed,172.25,457.67,0.38
2017,Georgia,developing,0.24,0.99,0.24
2017,Germany,developed,433.69,1218.35,0.36
2017,Greece,developed,14.73,52.76,0.28
2017,Honduras,developing,2.34,4.82,0.49
2017,Iceland,developed,1.12,5.4,0.21
2017,Israel,developed,6.58,18.47,0.36
2017,Japan,developed,532.37,1431.56,0.37
2017,Jamaica,developing,0.73,2.48,0.29
2017,Jordan,developing,0.4,0.78,0.51
2017,Kyrgyzstan,developing,0.1,0.74,0.14
2017,Kuwait,developing,1.79,7.89,0.23
2017,Kazakhstan,developing,0.94,4.99,0.19
2017,Lebanon,developing,3.6,6.27,0.57
2017,Latvia,developed,4.75,12.68,0.37
2017,Belarus,developed,3.93,8.8,0.45
2017,Lithuania,developed,9.41,33.14,0.28
2017,Madagascar,developing,0.04,0.1,0.38
2017,North Macedonia,developed,2.54,5.45,0.47
2017,Morocco,developing,3.22,7.22,0.45
2017,Mauritius,developing,0.58,1.8,0.32
2017,Malta,developed,2.57,4.78,0.54
2017,Maldives,developing,0.06,0.43,0.13
2017,Mexico,developing,159.89,374.15,0.43
2017,Malaysia,developing,85.6,165.83,0.52
2017,Belgium,developed,184.87,495.53,0.37
2017,Andorra,developed,0.2,0.95,0.21
2017,Luxembourg,developed,5.07,14.49,0.35
2017,Montenegro,developed,0.17,0.61,0.28
2017,Netherlands,developed,172.17,383.45,0.45
2017,Norway,developed,18.5,59.84,0.31
2017,Nepal,developing,0.02,0.39,0.06
2017,New Zealand,developed,9.32,41.5,0.22
2017,Peru,developing,1.62,0.97,1.68
2017,Portugal,developed,20,52.97,0.38
2017,Romania,developed,12.21,29.93,0.41
2017,Philippines,developing,35,79.1,0.44
2017,Senegal,developing,0.74,1.82,0.41
2017,Singapore,developing,22.71,60.73,0.37
2017,Spain,developed,108.85,302.26,0.36
2017,Sweden,developed,20.56,82.58,0.25
2017,Switzerland,developed,19.47,92.14,0.21
2017,Thailand,developing,169.16,296.84,0.57
2017,Togo,developing,0.06,0.22,0.28
2017,Uganda,developing,2.55,5.71,0.45
2017,Ukraine,developed,0.48,0.71,0.68
2017,Uruguay,developing,0.2,0.73,0.27
2017,Zambia,developing,0.43,1.73,0.25
2017,Zimbabwe,developing,0.18,0.78,0.23
2017,Indonesia,developing,92.28,193.54,0.48
2017,Serbia,developed,3.52,9.08,0.39